Area,death_number,pdeath_number,Areacode,Population,Male,pMale,Female,pFemale,White,pWhite,Black,pBlack,Asian,pAsian,Household1-4,pH1-4,Household5ormore,p5_abv,Workfromhome,pWFH,Publictransport,pPublicT,Privatetravel,pPrivT,Workingage,pWorkage,Retirementage,pRetage
Adur,113,0.18,E07000223,61182,29513,48.24,31669,51.76,58663,95.88,313,0.51,1058,1.73,25679,41.97,1278,2.09,1558,2.55,5547,9.07,22074,36.08,35644,58.26,13434,21.96
Allerdale,384,0.4,E07000026,96422,47371,49.13,49051,50.87,95385,98.92,73,0.08,477,0.49,40274,41.77,2071,2.15,3217,3.34,5808,6.02,36756,38.12,57621,59.76,20033,20.78
Amber Valley,445,0.36,E07000032,122309,60192,49.21,62117,50.79,120023,98.13,253,0.21,929,0.76,49973,40.86,2623,2.14,3024,2.47,6791,5.55,49310,40.32,74900,61.24,22779,18.62
Arun,439,0.29,E07000224,149518,71303,47.69,78215,52.31,145118,97.06,538,0.36,2116,1.42,63455,42.44,3251,2.17,4133,2.76,9279,6.21,53574,35.83,83697,55.98,39328,26.3
Ashfield,467,0.39,E07000170,119497,58665,49.09,60832,50.91,116733,97.69,472,0.39,1099,0.92,48229,40.36,2702,2.26,1874,1.57,8516,7.13,44648,37.36,73486,61.5,20238,16.94
Ashford,434,0.37,E07000105,117956,57232,48.52,60724,51.48,110520,93.7,1375,1.17,3991,3.38,44272,37.53,3515,2.98,3995,3.39,8642,7.33,44595,37.81,70279,59.58,19968,16.93
Babergh,301,0.34,E07000200,87740,43004,49.01,44736,50.99,85845,97.84,264,0.3,666,0.76,35465,40.42,2057,2.34,3252,3.71,4531,5.16,34205,38.98,50743,57.83,18756,21.38
Barking and Dagenham,595,0.32,E09000002,185911,90237,48.54,95674,51.46,108386,58.3,37140,19.98,29594,15.92,60988,32.8,8693,4.68,1679,0.9,37865,20.37,35239,18.95,113046,60.81,19321,10.39
Barnet,972,0.27,E09000003,356386,172676,48.45,183710,51.55,228553,64.13,27431,7.7,65918,18.5,121145,33.99,14771,4.14,12601,3.54,79521,22.31,77197,21.66,225881,63.38,47432,13.31
Barnsley,"1,152",0.5,E08000016,231221,113634,49.15,117587,50.85,226285,97.87,1221,0.53,1661,0.72,95905,41.48,4829,2.09,3516,1.52,16935,7.32,82655,35.75,142521,61.64,40010,17.3
Barrow-in-Furness,252,0.36,E07000027,69087,34185,49.48,34902,50.52,67940,98.34,70,0.1,633,0.92,29803,43.14,1421,2.06,839,1.21,4957,7.18,25231,36.52,41969,60.75,12955,18.75
Basildon,675,0.39,E07000066,174497,84645,48.51,89852,51.49,161677,92.65,4685,2.68,4766,2.73,67950,38.94,4796,2.75,2997,1.72,22472,12.88,57100,32.72,106685,61.14,27888,15.98
Basingstoke and Deane,375,0.22,E07000084,167799,83116,49.53,84683,50.47,155888,92.9,1909,1.14,6715,4,64961,38.71,4354,2.59,5638,3.36,13386,7.98,70642,42.1,105709,63,24151,14.39
Bassetlaw,364,0.32,E07000171,112863,56024,49.64,56839,50.36,109892,97.37,520,0.46,1255,1.11,45201,40.05,2466,2.18,2698,2.39,5662,5.02,44169,39.14,68689,60.86,20941,18.55
Bath and North East Somerset,352,0.2,E06000022,176016,86072,48.9,89944,51.1,166473,94.58,1326,0.75,4577,2.6,69011,39.21,4504,2.56,6512,3.7,12756,7.25,65058,36.96,110497,62.78,31817,18.08
Bedford,659,0.42,E06000055,157479,77312,49.09,80167,50.91,126846,80.55,6202,3.94,17932,11.39,58891,37.4,4921,3.12,4229,2.69,11711,7.44,59412,37.73,96736,61.43,24868,15.79
Bexley,743,0.32,E09000004,231997,111676,48.14,120321,51.86,189962,81.88,19624,8.46,15243,6.57,84806,36.55,7798,3.36,3997,1.72,44601,19.22,60940,26.27,140645,60.62,37212,16.04
Birmingham,"3,676",0.34,E08000025,1073045,527806,49.19,545239,50.81,621636,57.93,96360,8.98,285640,26.62,359334,33.49,51402,4.79,14402,1.34,119936,11.18,286813,26.73,660697,61.57,138213,12.88
Blaby,304,0.32,E07000129,93915,46228,49.22,47687,50.78,85451,90.99,900,0.96,5718,6.09,36309,38.66,2377,2.53,2316,2.47,5523,5.88,40235,42.84,56997,60.69,16875,17.97
Blackburn with Darwen,569,0.39,E06000008,147489,73547,49.87,73942,50.13,102009,69.16,933,0.63,41494,28.13,50616,34.32,6737,4.57,2269,1.54,10510,7.13,47378,32.12,89783,60.87,19061,12.92
Blackpool,655,0.46,E06000009,142065,69775,49.11,72290,50.89,137339,96.67,346,0.24,2282,1.61,61023,42.95,3344,2.35,3305,2.33,11110,7.82,46425,32.68,85973,60.52,27239,19.17
Bolsover,280,0.37,E07000033,75866,37388,49.28,38478,50.72,74452,98.14,267,0.35,612,0.81,31076,40.96,1725,2.27,1355,1.79,4525,5.96,28467,37.52,46452,61.23,13784,18.17
Bolton,"1,030",0.37,E08000001,276786,136660,49.37,140126,50.63,226645,81.88,4652,1.68,38749,14,107604,38.88,8767,3.17,4678,1.69,23076,8.34,94972,34.31,169687,61.31,42540,15.37
Boston,244,0.38,E07000136,64637,31536,48.79,33101,51.21,62592,96.84,278,0.43,928,1.44,25617,39.63,1674,2.59,1330,2.06,4453,6.89,24820,38.4,39040,60.4,12742,19.71
"Bournemouth, Christchurch and Poole","1,162",0.31,E06000058,378888,186381,49.19,192507,50.81,356911,94.2,2367,0.62,10837,2.86,158044,41.71,9335,2.46,10226,2.7,25632,6.77,144099,38.03,232698,61.42,76656,20.23
Bracknell Forest,236,0.21,E06000036,113205,56107,49.56,57098,50.44,102554,90.59,2189,1.93,5664,5,43062,38.04,2816,2.49,3663,3.24,7437,6.57,50407,44.53,72398,63.95,14147,12.5
Bradford,"1,596",0.31,E08000032,522452,257132,49.22,265320,50.78,352317,67.44,9267,1.77,140149,26.83,175137,33.52,24159,4.62,9151,1.75,49830,9.54,158532,30.34,316481,60.58,69392,13.28
Braintree,504,0.34,E07000067,147084,72137,49.04,74947,50.96,142087,96.6,913,0.62,1998,1.36,57264,38.93,3779,2.57,4417,3,12075,8.21,57307,38.96,90045,61.22,24413,16.6
Breckland,431,0.33,E07000143,130491,64566,49.48,65925,50.52,127116,97.41,596,0.46,1040,0.8,51325,39.33,3194,2.45,3799,2.91,5843,4.48,51247,39.27,76214,58.41,28138,21.56
Brent,909,0.29,E09000005,311215,156468,50.28,154747,49.72,112880,36.27,58632,18.84,105986,34.06,92798,29.82,17488,5.62,6062,1.95,83551,26.85,56857,18.27,208175,66.89,32676,10.5
Brentwood,284,0.39,E07000068,73601,35582,48.34,38019,51.66,68868,93.57,896,1.22,2350,3.19,28764,39.08,1882,2.56,2239,3.04,11169,15.18,22637,30.76,43998,59.78,14049,19.09
Brighton and Hove,524,0.19,E06000043,273369,136108,49.79,137261,50.21,243512,89.08,4188,1.53,11278,4.13,114640,41.94,6900,2.52,10618,3.88,39366,14.4,88786,32.48,187730,68.67,35692,13.06
"Bristol, City of",760,0.18,E06000023,428234,213071,49.76,215163,50.24,359592,83.97,25734,6.01,23655,5.52,169957,39.69,12790,2.99,9578,2.24,35504,8.29,163783,38.25,284859,66.52,55872,13.05
Broadland,427,0.34,E07000144,124646,60794,48.77,63852,51.23,121795,97.71,331,0.27,1265,1.01,50829,40.78,2507,2.01,3567,2.86,7165,5.75,50289,40.35,72777,58.39,27816,22.32
Bromley,803,0.26,E09000006,309392,148588,48.03,160804,51.97,260870,84.32,18686,6.04,16067,5.19,122305,39.53,8557,2.77,8800,2.84,67217,21.73,74457,24.07,188857,61.04,52037,16.82
Bromsgrove,352,0.38,E07000234,93637,46300,49.45,47337,50.55,89696,95.79,444,0.47,1925,2.06,36211,38.67,2079,2.22,3011,3.22,5242,5.6,37797,40.37,55483,59.25,19135,20.44
Broxbourne,275,0.29,E07000095,93609,45357,48.45,48252,51.55,84530,90.3,3957,4.23,2190,2.34,34936,37.32,2722,2.91,1801,1.92,10780,11.52,33381,35.66,57095,60.99,15296,16.34
Broxtowe,375,0.34,E07000172,109487,54118,49.43,55369,50.57,101538,92.74,933,0.85,4503,4.11,44429,40.58,2391,2.18,2374,2.17,8859,8.09,41718,38.1,68130,62.23,20098,18.36
Buckinghamshire,#REF!,0.21,E06000060,505283,248346,49.15,256937,50.85,436670,86.42,10490,2.08,43269,8.56,185002,36.61,15725,3.11,21237,4.2,38500,7.62,193686,38.33,305587,60.48,84151,16.65
Burnley,384,0.44,E07000117,87059,42794,49.16,44265,50.84,76054,87.36,211,0.24,9578,11,34997,40.2,2553,2.93,1258,1.44,6893,7.92,29789,34.22,53560,61.52,14134,16.23
Bury,772,0.42,E08000002,185060,90588,48.95,94472,51.05,165032,89.18,1893,1.02,13407,7.24,72894,39.39,5219,2.82,3845,2.08,16269,8.79,67499,36.47,113568,61.37,29540,15.96
Calderdale,495,0.24,E08000033,203826,99627,48.88,104199,51.12,182787,89.68,899,0.44,16875,8.28,83114,40.78,5507,2.7,4795,2.35,18243,8.95,73135,35.88,126010,61.82,32472,15.93
Cambridge,141,0.11,E07000008,123867,62984,50.85,60883,49.15,102205,82.51,2097,1.69,13618,10.99,43521,35.14,3193,2.58,3856,3.11,8794,7.1,46458,37.51,88960,71.82,14601,11.79
Camden,369,0.17,E09000007,220338,107885,48.96,112453,51.04,146055,66.29,18060,8.2,35446,16.09,91076,41.33,6458,2.93,8984,4.08,62033,28.15,36854,16.73,157356,71.42,23977,10.88
Cannock Chase,379,0.39,E07000192,97462,48126,49.38,49336,50.62,95256,97.74,280,0.29,982,1.01,38330,39.33,2334,2.39,1562,1.6,5809,5.96,39930,40.97,60797,62.38,15657,16.06
Canterbury,546,0.36,E07000106,151145,72638,48.06,78507,51.94,140620,93.04,1937,1.28,5135,3.4,56455,37.35,4316,2.86,4165,2.76,10246,6.78,50861,33.65,93870,62.11,28445,18.82
Carlisle,421,0.39,E07000028,107524,52478,48.81,55046,51.19,105480,98.1,147,0.14,1248,1.16,46099,42.87,2243,2.09,2835,2.64,7754,7.21,43001,39.99,66654,61.99,19897,18.5
Castle Point,457,0.52,E07000069,88011,42907,48.75,45104,51.25,85273,96.89,661,0.75,1012,1.15,34052,38.69,2388,2.71,1700,1.93,9578,10.88,29926,34,51824,58.88,19001,21.59
Central Bedfordshire,821,0.32,E06000056,254381,126044,49.55,128337,50.45,238722,93.84,3614,1.42,6402,2.52,98088,38.56,6311,2.48,7938,3.12,17747,6.98,105773,41.58,158142,62.17,39889,15.68
Charnwood,462,0.28,E07000130,166100,82913,49.92,83187,50.08,145114,87.37,1327,0.8,16138,9.72,62101,37.39,4415,2.66,4044,2.43,9424,5.67,65762,39.59,106407,64.06,27262,16.41
Chelmsford,512,0.3,E07000070,168310,82914,49.26,85396,50.74,157983,93.86,2051,1.22,4962,2.95,65335,38.82,4332,2.57,4709,2.8,19014,11.3,62316,37.02,104570,62.13,28018,16.65
Cheltenham,285,0.25,E07000078,115732,56512,48.83,59220,51.17,109084,94.26,721,0.62,3675,3.18,48194,41.64,2735,2.36,3514,3.04,7272,6.28,48124,41.58,73805,63.77,19329,16.7
Cherwell,281,0.2,E07000177,141868,70126,49.43,71742,50.57,130761,92.17,1961,1.38,6039,4.26,52913,37.3,3815,2.69,4757,3.35,10285,7.25,59383,41.86,88182,62.16,21699,15.3
Cheshire East,"1,237",0.33,E06000049,370127,181409,49.01,188718,50.99,357940,96.71,1402,0.38,6060,1.64,151553,40.95,7888,2.13,13462,3.64,18655,5.04,147957,39.97,223753,60.45,71372,19.28
Cheshire West and Chester,"1,204",0.37,E06000050,329608,160586,48.72,169022,51.28,321025,97.4,908,0.28,4097,1.24,133713,40.57,7729,2.34,9450,2.87,18909,5.74,130768,39.67,202469,61.43,61100,18.54
Chesterfield,330,0.32,E07000034,103788,50900,49.04,52888,50.96,100172,96.52,782,0.75,1592,1.53,44708,43.08,2088,2.01,1690,1.63,8228,7.93,37763,36.38,63557,61.24,19291,18.59
Chichester,344,0.3,E07000225,113794,54401,47.81,59393,52.19,110322,96.95,518,0.46,1617,1.42,47194,41.47,2654,2.33,5080,4.46,5950,5.23,41862,36.79,64899,57.03,27894,24.51
Chorley,344,0.32,E07000118,107155,53708,50.12,53447,49.88,103833,96.9,401,0.37,1710,1.6,42604,39.76,2315,2.16,2809,2.62,6112,5.7,44544,41.57,67012,62.54,17962,16.76
Colchester,511,0.3,E07000071,173074,85343,49.31,87731,50.69,159306,92.05,2575,1.49,6355,3.67,67432,38.96,4202,2.43,4484,2.59,16266,9.4,64370,37.19,109985,63.55,27308,15.78
Copeland,283,0.4,E07000029,70603,35476,50.25,35127,49.75,69491,98.42,84,0.12,629,0.89,28914,40.95,1622,2.3,1339,1.9,5425,7.68,25937,36.74,43507,61.62,13354,18.91
Cotswold,201,0.24,E07000079,82881,40104,48.39,42777,51.61,81075,97.82,229,0.28,794,0.96,34405,41.51,1831,2.21,4679,5.65,3294,3.97,33235,40.1,48648,58.7,18489,22.31
County Durham,"1,872",0.36,E06000047,513242,251280,48.96,261962,51.04,503769,98.15,701,0.14,4856,0.95,213672,41.63,10131,1.97,9642,1.88,35470,6.91,181311,35.33,320806,62.51,92345,17.99
Coventry,868,0.27,E08000026,316960,157621,49.73,159339,50.27,234029,73.84,17764,5.6,51598,16.28,118165,37.28,10427,3.29,4397,1.39,30112,9.5,102190,32.24,200285,63.19,46250,14.59
Craven,153,0.28,E07000163,55409,26754,48.28,28655,51.72,53964,97.39,61,0.11,970,1.75,23367,42.17,1216,2.19,2511,4.53,3007,5.43,21868,39.47,32157,58.04,12610,22.76
Crawley,280,0.26,E07000226,106597,52698,49.44,53899,50.56,85180,79.91,3469,3.25,13825,12.97,39161,36.74,3566,3.35,1641,1.54,13632,12.79,39925,37.45,68429,64.19,13468,12.63
Croydon,"1,068",0.29,E09000008,363378,176224,48.5,187154,51.5,200195,55.09,73256,20.16,59627,16.41,131592,36.21,13418,3.69,7705,2.12,83482,22.97,80588,22.18,229959,63.28,44375,12.21
Dacorum,461,0.32,E07000096,144847,71307,49.23,73540,50.77,131537,90.81,2990,2.06,6770,4.67,56100,38.73,3838,2.65,4874,3.36,12860,8.88,55284,38.17,89298,61.65,22883,15.8
Darlington,366,0.35,E06000005,105564,51483,48.77,54081,51.23,101595,96.24,357,0.34,2205,2.09,44301,41.97,2369,2.24,2019,1.91,8167,7.74,38519,36.49,64197,60.81,18439,17.47
Dartford,347,0.36,E07000107,97365,48061,49.36,49304,50.64,85070,87.37,3578,3.67,5799,5.96,37296,38.31,2785,2.86,1786,1.83,13973,14.35,33620,34.53,60929,62.58,13952,14.33
Derby,895,0.36,E06000015,248752,123046,49.47,125706,50.53,199751,80.3,7320,2.94,31095,12.5,94157,37.85,8114,3.26,3696,1.49,19690,7.92,88458,35.56,154157,61.97,37669,15.14
Derbyshire Dales,239,0.34,E07000035,71116,35071,49.32,36045,50.68,70117,98.6,87,0.12,398,0.56,29171,41.02,1573,2.21,3705,5.21,3027,4.26,28008,39.38,41739,58.69,15827,22.26
Doncaster,"1,209",0.4,E08000017,302402,149230,49.35,153172,50.65,288066,95.26,2337,0.77,7614,2.52,118678,39.25,7809,2.58,4837,1.6,24195,8,104109,34.43,185861,61.46,51141,16.91
Dorset,866,0.34,E06000059,255013,123937,48.6,131076,51.4,249906,98,472,0.19,2467,0.97,105013,41.18,5607,2.2,10870,4.26,8803,3.45,98639,38.68,141275,55.4,65396,25.64
Dover,448,0.4,E07000108,111674,54765,49.04,56909,50.96,107966,96.68,386,0.35,2031,1.82,45370,40.63,2940,2.63,2685,2.4,7097,6.36,40187,35.99,65906,59.02,22517,20.16
Dudley,"1,070",0.34,E08000027,312925,153819,49.16,159106,50.84,281607,89.99,4671,1.49,18942,6.05,121176,38.72,8691,2.78,4931,1.58,23411,7.48,113092,36.14,186998,59.76,58197,18.6
Ealing,856,0.25,E09000009,338449,169175,49.99,169274,50.01,165818,48.99,36860,10.89,100439,29.68,107273,31.7,16809,4.97,7548,2.23,82541,24.39,73654,21.76,225617,66.66,36227,10.7
East Cambridgeshire,131,0.16,E07000009,83818,41443,49.44,42375,50.56,80673,96.25,506,0.6,1215,1.45,32531,38.81,2083,2.49,3167,3.78,5404,6.45,35112,41.89,51170,61.05,14307,17.07
East Devon,315,0.24,E07000040,132457,63321,47.8,69136,52.2,130347,98.41,146,0.11,930,0.7,56216,42.44,2855,2.16,5835,4.41,6191,4.67,47242,35.67,71535,54.01,37346,28.19
East Hampshire,257,0.22,E07000085,115608,56237,48.64,59371,51.36,111635,96.56,517,0.45,1859,1.61,44299,38.32,2959,2.56,5016,4.34,6580,5.69,46432,40.16,68464,59.22,22303,19.29
East Hertfordshire,339,0.25,E07000242,137687,67690,49.16,69997,50.84,131456,95.47,984,0.71,2681,1.95,53117,38.58,3460,2.51,5007,3.64,14410,10.47,52466,38.11,84899,61.66,21253,15.44
East Lindsey,564,0.41,E07000137,136401,66427,48.7,69974,51.3,134314,98.47,264,0.19,789,0.58,58037,42.55,2853,2.09,4286,3.14,4239,3.11,47300,34.68,76809,56.31,35439,25.98
East Riding of Yorkshire,"1,140",0.34,E06000011,334179,163388,48.89,170791,51.11,327789,98.09,598,0.18,2961,0.89,136246,40.77,6786,2.03,9911,2.97,16220,4.85,131252,39.28,198649,59.44,71455,21.38
East Staffordshire,530,0.47,E07000193,113583,56385,49.64,57198,50.36,102704,90.42,1023,0.9,7864,6.92,44067,38.8,3184,2.8,2820,2.48,6414,5.65,45430,40,69628,61.3,19131,16.84
East Suffolk,758,0.32,E07000244,239552,116684,48.71,122868,51.29,232565,97.08,925,0.39,2991,1.25,98758,41.23,5683,2.37,7177,3,10266,4.29,88825,37.08,135414,56.53,56298,23.5
Eastbourne,371,0.37,E07000061,99412,47559,47.84,51853,52.16,93508,94.06,783,0.79,2795,2.81,42644,42.9,2368,2.38,2240,2.25,8049,8.1,33880,34.08,57901,58.24,22303,22.43
Eastleigh,258,0.21,E07000086,125199,61384,49.03,63815,50.97,118537,94.68,605,0.48,3740,2.99,49166,39.27,3011,2.4,3247,2.59,7993,6.38,54139,43.24,77446,61.86,20831,16.64
Eden,192,0.37,E07000030,52564,26033,49.53,26531,50.47,51999,98.93,22,0.04,292,0.56,21914,41.69,1129,2.15,3341,6.36,2271,4.32,21632,41.15,31281,59.51,11529,21.93
Elmbridge,316,0.24,E07000207,130875,63462,48.49,67413,51.51,118123,90.26,1010,0.77,7075,5.41,49341,37.7,3581,2.74,6287,4.8,17376,13.28,40602,31.02,78229,59.77,21518,16.44
Enfield,766,0.25,E09000010,312466,150654,48.21,161812,51.79,190640,61.01,53687,17.18,34893,11.17,107394,34.37,12522,4.01,5954,1.91,60398,19.33,70291,22.5,195085,62.43,38833,12.43
Epping Forest,474,0.38,E07000072,124659,60440,48.48,64219,51.52,112869,90.54,2404,1.93,5922,4.75,48604,38.99,3387,2.72,3673,2.95,18565,14.89,38994,31.28,76064,61.02,22550,18.09
Epsom and Ewell,255,0.34,E07000208,75102,36412,48.48,38690,51.52,64502,85.89,1128,1.5,6484,8.63,27716,36.9,2068,2.75,2285,3.04,11086,14.76,24409,32.5,45808,60.99,12575,16.74
Erewash,407,0.36,E07000036,112081,54934,49.01,57147,50.99,108765,97.04,536,0.48,1383,1.23,46482,41.47,2210,1.97,2185,1.95,7784,6.94,44663,39.85,69007,61.57,19996,17.84
Exeter,200,0.17,E07000041,117773,57211,48.58,60562,51.42,109590,93.05,667,0.57,4595,3.9,46091,39.14,3151,2.68,2622,2.23,9714,8.25,44545,37.82,78454,66.61,18269,15.51
Fareham,350,0.31,E07000087,111581,54634,48.96,56947,51.04,107959,96.75,357,0.32,1667,1.49,44102,39.52,2477,2.22,3003,2.69,6027,5.4,46884,42.02,66503,59.6,22776,20.41
Fenland,316,0.33,E07000010,95262,46811,49.14,48451,50.86,92631,97.24,497,0.52,1075,1.13,38195,40.09,2425,2.55,2202,2.31,4796,5.03,37232,39.08,56772,59.6,19319,20.28
Folkestone and Hythe,543,0.5,E07000112,107969,53135,49.21,54834,50.79,102215,94.67,458,0.42,3699,3.43,44318,41.05,3061,2.84,2705,2.51,7261,6.73,37938,35.14,63549,58.86,22415,20.76
Forest of Dean,172,0.21,E07000080,81961,40272,49.14,41689,50.86,80699,98.46,199,0.24,473,0.58,32082,39.14,2085,2.54,2983,3.64,3557,4.34,32283,39.39,48552,59.24,16986,20.72
Fylde,353,0.47,E07000119,75757,36781,48.55,38976,51.45,73844,97.47,163,0.22,845,1.12,33451,44.16,1434,1.89,2131,2.81,3731,4.92,28437,37.54,43671,57.65,18343,24.21
Gateshead,639,0.32,E08000037,200214,97974,48.93,102240,51.07,192742,96.27,1081,0.54,3738,1.87,85087,42.5,4067,2.03,2868,1.43,25614,12.79,62836,31.38,124693,62.28,35245,17.6
Gedling,393,0.35,E07000173,113543,55348,48.75,58195,51.25,105656,93.05,1653,1.46,3343,2.94,46785,41.2,2564,2.26,2578,2.27,11180,9.85,41555,36.6,69278,61.01,21016,18.51
Gloucester,316,0.26,E07000081,121688,60104,49.39,61584,50.61,108462,89.13,3486,2.86,5839,4.8,46921,38.56,3442,2.83,2008,1.65,8829,7.26,50257,41.3,76267,62.67,18065,14.85
Gosport,242,0.29,E07000088,82622,40736,49.3,41886,50.7,79685,96.45,592,0.72,1073,1.3,33270,40.27,2160,2.61,1363,1.65,4949,5.99,33203,40.19,50235,60.8,14106,17.07
Gravesham,374,0.37,E07000109,101720,50139,49.29,51581,50.71,84226,82.8,2885,2.84,10604,10.42,36856,36.23,3575,3.51,1837,1.81,11797,11.6,33738,33.17,61732,60.69,16290,16.01
Great Yarmouth,376,0.39,E07000145,97277,47762,49.1,49515,50.9,94215,96.85,439,0.45,1204,1.24,39622,40.73,2457,2.53,1670,1.72,5821,5.98,32754,33.67,56902,58.49,20371,20.94
Greenwich,594,0.23,E09000011,254557,126224,49.59,128333,50.41,159002,62.46,48655,19.11,29894,11.74,90944,35.73,10101,3.97,4673,1.84,67671,26.58,44371,17.43,167069,65.63,26116,10.26
Guildford,281,0.2,E07000209,137183,67923,49.51,69260,50.49,124707,90.91,1656,1.21,6616,4.82,50372,36.72,3601,2.62,5430,3.96,13271,9.67,50894,37.1,88185,64.28,21393,15.59
Halton,384,0.31,E06000006,125746,61368,48.8,64378,51.2,123041,97.85,260,0.21,943,0.75,50173,39.9,3139,2.5,1541,1.23,9408,7.48,46315,36.83,78999,62.82,18481,14.7
Hambleton,215,0.24,E07000164,89140,43982,49.34,45158,50.66,87635,98.31,188,0.21,600,0.67,36205,40.62,1912,2.14,4040,4.53,3567,4,37302,41.85,52675,59.09,19241,21.59
Hammersmith and Fulham,328,0.18,E09000013,182493,88914,48.72,93579,51.28,124222,68.07,21505,11.78,16635,9.12,75089,41.15,5501,3.01,6098,3.34,58388,31.99,34378,18.84,133567,73.19,16413,8.99
Harborough,217,0.25,E07000131,85382,42353,49.6,43029,50.4,81316,95.24,327,0.38,2563,3,32708,38.31,2190,2.56,3534,4.14,3743,4.38,36556,42.81,51142,59.9,15591,18.26
Haringey,512,0.2,E09000014,254926,126224,49.51,128702,50.49,154343,60.54,47830,18.76,24150,9.47,91271,35.8,10684,4.19,6910,2.71,77930,30.57,38683,15.17,174887,68.6,22369,8.77
Harlow,250,0.31,E07000073,81944,39674,48.42,42270,51.58,72999,89.08,3090,3.77,3733,4.56,32403,39.54,2217,2.71,1127,1.38,8314,10.15,30771,37.55,50560,61.7,12305,15.02
Harrogate,348,0.22,E07000165,157869,77037,48.8,80832,51.2,152075,96.33,1147,0.73,2409,1.53,63769,40.39,3400,2.15,6926,4.39,9545,6.05,64379,40.78,94010,59.55,30894,19.57
Harrow,658,0.28,E09000015,239056,118023,49.37,121033,50.63,100991,42.25,19708,8.24,101808,42.59,72694,30.41,11574,4.84,6043,2.53,50192,21,57064,23.87,150727,63.05,33667,14.08
Hart,208,0.23,E07000089,91033,45174,49.62,45859,50.38,86355,94.86,506,0.56,2448,2.69,33101,36.36,2409,2.65,3947,4.34,5802,6.37,38020,41.77,55355,60.81,15018,16.5
Hartlepool,353,0.38,E06000001,92028,44751,48.63,47277,51.37,89899,97.69,170,0.18,1304,1.42,38258,41.57,2176,2.36,1045,1.14,7020,7.63,29288,31.83,56060,60.92,15598,16.95
Hastings,313,0.35,E07000062,90254,44014,48.77,46240,51.23,84631,93.77,1065,1.18,2126,2.36,38736,42.92,2423,2.68,2380,2.64,7939,8.8,30053,33.3,55729,61.75,15401,17.06
Havant,419,0.35,E07000090,120684,58607,48.56,62077,51.44,117162,97.08,388,0.32,1427,1.18,48054,39.82,3257,2.7,2392,1.98,8066,6.68,44749,37.08,70237,58.2,25425,21.07
Havering,"1,059",0.45,E09000016,237232,114209,48.14,123023,51.86,207949,87.66,11481,4.84,11545,4.87,89919,37.9,7280,3.07,4038,1.7,44679,18.83,63484,26.76,144128,60.75,42277,17.82
"Herefordshire, County of",438,0.24,E06000019,183477,90302,49.22,93175,50.78,180169,98.2,331,0.18,1439,0.78,73731,40.19,4588,2.5,8436,4.6,7369,4.02,73668,40.15,108427,59.1,39016,21.26
Hertsmere,376,0.38,E07000098,100031,48290,48.28,51741,51.72,85063,85.04,3927,3.93,7393,7.39,36652,36.64,3126,3.13,3593,3.59,12797,12.79,32746,32.74,60792,60.77,16328,16.32
High Peak,301,0.33,E07000037,90892,44774,49.26,46118,50.74,88954,97.87,184,0.2,711,0.78,36879,40.57,2067,2.27,2991,3.29,6296,6.93,36055,39.67,56408,62.06,15669,17.24
Hillingdon,796,0.29,E09000017,273936,135811,49.58,138125,50.42,166031,60.61,20082,7.33,69253,25.28,88627,32.35,11587,4.23,5121,1.87,43393,15.84,81112,29.61,174638,63.75,35178,12.84
Hinckley and Bosworth,306,0.29,E07000132,105078,51700,49.2,53378,50.8,101369,96.47,262,0.25,2246,2.14,43167,41.08,2210,2.1,2918,2.78,5046,4.8,45572,43.37,64567,61.45,19333,18.4
Horsham,286,0.22,E07000227,131301,63806,48.6,67495,51.4,126062,96.01,651,0.5,2585,1.97,51854,39.49,3069,2.34,5695,4.34,8876,6.76,51358,39.11,77637,59.13,25570,19.47
Hounslow,712,0.28,E09000018,253957,127397,50.16,126560,49.84,130505,51.39,16813,6.62,87257,34.36,83157,32.74,11745,4.62,5497,2.16,54927,21.63,65820,25.92,169611,66.79,26859,10.58
Huntingdonshire,375,0.22,E07000011,169508,84532,49.87,84976,50.13,160691,94.8,1642,0.97,4190,2.47,65005,38.35,4328,2.55,5443,3.21,10421,6.15,72699,42.89,105548,62.27,27300,16.11
Hyndburn,315,0.39,E07000120,80734,39977,49.52,40757,50.48,70778,87.67,106,0.13,9007,11.16,31836,39.43,2505,3.1,1175,1.46,5680,7.04,28955,35.86,49113,60.83,12809,15.87
Ipswich,412,0.31,E07000202,133384,66428,49.8,66956,50.2,118596,88.91,3096,2.32,5740,4.3,53744,40.29,3554,2.66,2216,1.66,11514,8.63,51434,38.56,84042,63.01,19830,14.87
Isle of Wight,409,0.3,E06000046,138265,67424,48.76,70841,51.24,134545,97.31,303,0.22,1514,1.09,57937,41.9,3148,2.28,3923,2.84,6477,4.68,47507,34.36,79143,57.24,32954,23.83
Islington,391,0.19,E09000019,206125,101405,49.2,104720,50.8,140515,68.17,26294,12.76,19034,9.23,88195,42.79,5361,2.6,5916,2.87,61930,30.04,38198,18.53,151704,73.6,18036,8.75
Kensington and Chelsea,310,0.2,E09000020,158649,78194,49.29,80455,50.71,112017,70.61,10333,6.51,15861,10,74550,46.99,3986,2.51,8809,5.55,44944,28.33,26423,16.66,112844,71.13,19115,12.05
King's Lynn and West Norfolk,574,0.39,E07000146,147451,72053,48.87,75398,51.13,143409,97.26,561,0.38,1863,1.26,59397,40.28,3580,2.43,4000,2.71,6953,4.72,55857,37.88,85275,57.83,33841,22.95
"Kingston upon Hull, City of",932,0.36,E06000010,256406,128420,50.08,127986,49.92,241321,94.12,2996,1.17,6471,2.52,105797,41.26,6799,2.65,2118,0.83,25202,9.83,82680,32.25,165896,64.7,35731,13.94
Kingston upon Thames,412,0.26,E09000021,160060,78103,48.8,81957,51.2,119219,74.48,4021,2.51,26152,16.34,58688,36.67,4951,3.09,5156,3.22,32292,20.17,44035,27.51,106010,66.23,20358,12.72
Kirklees,"1,203",0.28,E08000034,422458,208657,49.39,213801,50.61,334270,79.13,7905,1.87,67782,16.04,159594,37.78,13931,3.3,8564,2.03,35003,8.29,147870,35,261490,61.9,64150,15.18
Knowsley,584,0.4,E08000011,145893,69329,47.52,76564,52.48,141858,97.23,505,0.35,1403,0.96,57147,39.17,4176,2.86,1325,0.91,16588,11.37,43380,29.73,90091,61.75,23014,15.77
Lambeth,650,0.21,E09000022,303086,150921,49.79,152165,50.21,173025,57.09,78542,25.91,20938,6.91,120314,39.7,9703,3.2,7498,2.47,108931,35.94,49097,16.2,219537,72.43,23187,7.65
Lancaster,443,0.32,E07000121,138375,66841,48.3,71534,51.7,132342,95.64,628,0.45,3732,2.7,54643,39.49,3179,2.3,3388,2.45,9458,6.84,49558,35.81,86780,62.71,25365,18.33
Leeds,"1,882",0.25,E08000035,751485,367935,48.96,383550,51.04,639487,85.1,25893,3.45,58243,7.75,299943,39.91,20653,2.75,14666,1.95,87514,11.65,251416,33.46,487216,64.83,109598,14.58
Leicester,"1,093",0.33,E06000016,329839,162884,49.38,166955,50.62,166636,50.52,20585,6.24,122470,37.13,107961,32.73,15164,4.6,3996,1.21,32366,9.81,100274,30.4,214736,65.1,37216,11.28
Lewes,305,0.31,E07000063,97502,47363,48.58,50139,51.42,94159,96.57,416,0.43,1400,1.44,39836,40.86,2345,2.41,3641,3.73,9356,9.6,32265,33.09,56014,57.45,22154,22.72
Lewisham,697,0.25,E09000023,275885,134957,48.92,140928,51.08,147686,53.53,74942,27.16,25534,9.26,106538,38.62,9553,3.46,5820,2.11,83825,30.38,45476,16.48,186243,67.51,26135,9.47
Lichfield,387,0.38,E07000194,100654,49920,49.6,50734,50.4,97399,96.77,481,0.48,1623,1.61,38788,38.54,2436,2.42,3273,3.25,5449,5.41,40037,39.78,60296,59.9,20254,20.12
Lincoln,282,0.3,E07000138,93541,45773,48.93,47768,51.07,89379,95.55,778,0.83,1794,1.92,37762,40.37,2063,2.21,1491,1.59,6502,6.95,36372,38.88,62807,67.14,13326,14.25
Liverpool,"1,710",0.37,E08000012,466415,230483,49.42,235932,50.58,414671,88.91,12308,2.64,19403,4.16,194167,41.63,12348,2.65,5258,1.13,64247,13.77,125742,26.96,312038,66.9,65466,14.04
Luton,725,0.36,E06000032,203201,101954,50.17,101247,49.83,111079,54.66,19909,9.8,60952,30,63990,31.49,10303,5.07,2657,1.31,20941,10.31,64888,31.93,127139,62.57,23881,11.75
Maidstone,496,0.32,E07000110,155143,76492,49.3,78651,50.7,145996,94.1,1380,0.89,4943,3.19,59493,38.35,3954,2.55,4705,3.03,12363,7.97,60627,39.08,94945,61.2,26514,17.09
Maldon,184,0.3,E07000074,61629,30458,49.42,31171,50.58,60429,98.05,150,0.24,484,0.79,24279,39.4,1538,2.5,2230,3.62,4257,6.91,23611,38.31,36897,59.87,12374,20.08
Malvern Hills,200,0.27,E07000235,74631,36336,48.69,38295,51.31,72841,97.6,151,0.2,902,1.21,30548,40.93,1664,2.23,3759,5.04,2877,3.85,27489,36.83,42047,56.34,17981,24.09
Manchester,"1,375",0.27,E08000003,503127,252623,50.21,250504,49.79,335109,66.61,43484,8.64,85986,17.09,186598,37.09,18371,3.65,7288,1.45,68532,13.62,136487,27.13,347431,69.05,47544,9.45
Mansfield,408,0.39,E07000174,104466,51308,49.11,53158,50.89,101522,97.18,398,0.38,1289,1.23,42568,40.75,2360,2.26,1588,1.52,7440,7.12,39109,37.44,64797,62.03,17946,17.18
Medway,952,0.36,E06000035,263925,130825,49.57,133100,50.43,236579,89.64,6663,2.52,13615,5.16,98148,37.19,8061,3.05,4615,1.75,25660,9.72,95729,36.27,166043,62.91,37005,14.02
Melton,144,0.29,E07000133,50376,24718,49.07,25658,50.93,49319,97.9,95,0.19,518,1.03,20362,40.42,1128,2.24,1956,3.88,2468,4.9,21633,42.94,30705,60.95,9257,18.38
Mendip,268,0.25,E07000187,109279,53387,48.85,55892,51.15,107057,97.97,210,0.19,929,0.85,43424,39.74,2733,2.5,5035,4.61,4359,3.99,44113,40.37,64154,58.71,21278,19.47
Merton,516,0.26,E09000024,199693,98515,49.33,101178,50.67,129606,64.9,20811,10.42,36143,18.1,71310,35.71,7447,3.73,5017,2.51,58024,29.06,41143,20.6,133300,66.75,23122,11.58
Mid Devon,151,0.19,E07000042,77750,38070,48.96,39680,51.04,76696,98.64,94,0.12,428,0.55,30687,39.47,2071,2.66,4082,5.25,3568,4.59,30588,39.34,45394,58.38,15865,20.41
Mid Suffolk,267,0.28,E07000203,96731,47924,49.54,48807,50.46,94667,97.87,371,0.38,647,0.67,37939,39.22,2367,2.45,4163,4.3,4337,4.48,39818,41.16,57026,58.95,19471,20.13
Mid Sussex,362,0.26,E07000228,139860,68462,48.95,71398,51.05,133018,95.11,788,0.56,3761,2.69,53872,38.52,3537,2.53,5471,3.91,13878,9.92,52496,37.53,83748,59.88,25307,18.09
Middlesbrough,505,0.36,E06000002,138412,67732,48.94,70680,51.06,122055,88.18,1731,1.25,10768,7.78,52703,38.08,4500,3.25,1306,0.94,11439,8.26,41165,29.74,85971,62.11,20691,14.95
Milton Keynes,650,0.26,E06000042,248821,123116,49.48,125705,50.52,199094,80.01,17131,6.88,22782,9.16,90522,36.38,8062,3.24,6689,2.69,22853,9.18,97545,39.2,159579,64.13,27511,11.06
Mole Valley,302,0.35,E07000210,85375,41749,48.9,43626,51.1,81168,95.07,399,0.47,2177,2.55,33650,39.41,2178,2.55,4128,4.84,7824,9.16,30194,35.37,49635,58.14,17674,20.7
New Forest,430,0.24,E07000091,176462,84784,48.05,91678,51.95,172160,97.56,612,0.35,1665,0.94,73036,41.39,3803,2.16,6243,3.54,7654,4.34,68319,38.72,99384,56.32,44142,25.02
Newark and Sherwood,328,0.29,E07000175,114817,56556,49.26,58261,50.74,111958,97.51,499,0.43,1036,0.9,46073,40.13,2700,2.35,3401,2.96,5456,4.75,45381,39.52,69260,60.32,21785,18.97
Newcastle upon Tyne,648,0.23,E08000021,280177,140226,50.05,139951,49.95,239533,85.49,5160,1.84,27107,9.67,108251,38.64,8902,3.18,3988,1.42,37992,13.56,76504,27.31,187328,66.86,38719,13.82
Newcastle-under-Lyme,476,0.38,E07000195,123871,61206,49.41,62665,50.59,117662,94.99,828,0.67,3512,2.84,49825,40.22,2749,2.22,2282,1.84,8009,6.47,46839,37.81,77391,62.48,22508,18.17
Newham,801,0.26,E09000025,307984,160336,52.06,147648,47.94,89216,28.97,60256,19.56,133895,43.47,80413,26.11,21106,6.85,3186,1.03,89166,28.95,39333,12.77,209563,68.04,20593,6.69
North Devon,165,0.18,E07000043,93667,45558,48.64,48109,51.36,91742,97.94,158,0.17,835,0.89,37555,40.09,2446,2.61,4375,4.67,4183,4.47,35834,38.26,54253,57.92,20808,22.21
North East Derbyshire,375,0.38,E07000038,99023,48564,49.04,50459,50.96,97084,98.04,236,0.24,795,0.8,41170,41.58,1900,1.92,2425,2.45,6446,6.51,37765,38.14,59310,59.9,20918,21.12
North East Lincolnshire,442,0.28,E06000012,159616,78247,49.02,81369,50.98,155421,97.37,411,0.26,2129,1.33,65865,41.26,3842,2.41,1912,1.2,10342,6.48,57916,36.28,96971,60.75,28287,17.72
North Hertfordshire,374,0.29,E07000099,127114,62380,49.07,64734,50.93,113755,89.49,2491,1.96,6821,5.37,50222,39.51,3204,2.52,4422,3.48,12108,9.53,48157,37.88,77460,60.94,21711,17.08
North Kesteven,292,0.27,E07000139,107766,52603,48.81,55163,51.19,105835,98.21,251,0.23,750,0.7,43817,40.66,2155,2,3105,2.88,4881,4.53,44101,40.92,63524,58.95,22492,20.87
North Lincolnshire,461,0.28,E06000013,167446,82623,49.34,84823,50.66,160748,96,494,0.3,4549,2.72,66476,39.7,4208,2.51,3323,1.98,7764,4.64,66513,39.72,101849,60.82,30039,17.94
North Norfolk,309,0.3,E07000147,101499,49203,48.48,52296,51.52,100127,98.65,157,0.15,531,0.52,44058,43.41,1988,1.96,3754,3.7,3761,3.71,35229,34.71,55428,54.61,29197,28.77
North Northamptonshire,#REF!,0.21,E06000061,316851,156177,49.29,160674,50.71,295889,93.38,5325,1.68,9364,2.96,124554,39.31,8081,2.55,7502,2.37,19771,6.24,129308,40.81,194856,61.5,50245,15.86
North Somerset,504,0.25,E06000024,202566,98463,48.61,104103,51.39,197076,97.29,632,0.31,2436,1.2,83664,41.3,4563,2.25,6422,3.17,10863,5.36,79742,39.37,118532,58.52,42633,21.05
North Tyneside,647,0.32,E08000022,200801,96883,48.25,103918,51.75,194025,96.63,734,0.37,3815,1.9,87668,43.66,3627,1.81,3238,1.61,25704,12.8,66079,32.91,125162,62.33,35295,17.58
North Warwickshire,206,0.33,E07000218,62014,30604,49.35,31410,50.65,60709,97.9,172,0.28,580,0.94,24285,39.16,1527,2.46,1697,2.74,3455,5.57,25966,41.87,38105,61.45,11385,18.36
North West Leicestershire,302,0.32,E07000134,93468,46335,49.57,47133,50.43,91187,97.56,205,0.22,1074,1.15,36815,39.39,2313,2.47,2502,2.68,3899,4.17,39636,42.41,57248,61.25,16232,17.37
Northumberland,"1,098",0.35,E06000057,316028,154124,48.77,161904,51.23,311066,98.43,338,0.11,2658,0.84,132105,41.8,6429,2.03,9195,2.91,20477,6.48,115818,36.65,191227,60.51,63304,20.03
Norwich,303,0.23,E07000148,132512,65267,49.25,67245,50.75,120375,90.84,2147,1.62,5844,4.41,57340,43.27,2979,2.25,2530,1.91,9466,7.14,49985,37.72,88962,67.14,19345,14.6
Nottingham,920,0.3,E06000018,305680,153777,50.31,151903,49.69,218698,71.54,22185,7.26,40039,13.1,115382,37.75,10749,3.52,4052,1.33,36401,11.91,81897,26.79,207734,67.96,35552,11.63
Nuneaton and Bedworth,453,0.36,E07000219,125252,61441,49.05,63811,50.95,114392,91.33,1047,0.84,7880,6.29,49452,39.48,3259,2.6,1952,1.56,8144,6.5,49846,39.8,77020,61.49,20922,16.7
Oadby and Wigston,212,0.38,E07000135,56170,27169,48.37,29001,51.63,41011,73.01,671,1.19,12520,22.29,19434,34.6,1905,3.39,994,1.77,4169,7.42,21112,37.59,33902,60.36,10887,19.38
Oldham,874,0.39,E08000004,224897,110155,48.98,114742,51.02,174326,77.51,2797,1.24,43165,19.19,81103,36.06,8600,3.82,3243,1.44,20051,8.92,72379,32.18,135387,60.2,32953,14.65
Oxford,212,0.14,E07000178,151906,75335,49.59,76571,50.41,117957,77.65,7028,4.63,18827,12.39,50528,33.26,4847,3.19,4300,2.83,15853,10.44,49161,32.36,106885,70.36,16640,10.95
Pendle,315,0.35,E07000122,89452,44012,49.2,45440,50.8,71437,79.86,126,0.14,16807,18.79,34053,38.07,3295,3.68,1520,1.7,5739,6.42,31809,35.56,54588,61.02,14350,16.04
Peterborough,498,0.27,E06000031,183631,90859,49.48,92772,50.52,151544,82.53,4164,2.27,21492,11.7,67622,36.82,6401,3.49,3454,1.88,17114,9.32,66950,36.46,114876,62.56,24878,13.55
Plymouth,433,0.17,E06000026,256384,126684,49.41,129700,50.59,246509,96.15,1678,0.65,3906,1.52,102322,39.91,6985,2.72,3604,1.41,21973,8.57,90764,35.4,163776,63.88,41715,16.27
Portsmouth,509,0.25,E06000044,205056,103201,50.33,101855,49.67,181182,88.36,3777,1.84,12474,6.08,79141,38.59,6332,3.09,3280,1.6,17599,8.58,74902,36.53,135216,65.94,27412,13.37
Preston,448,0.32,E07000123,140202,70284,50.13,69918,49.87,112415,80.18,1676,1.2,21732,15.5,52980,37.79,4587,3.27,2437,1.74,13005,9.28,48363,34.5,90842,64.79,19246,13.73
Reading,371,0.24,E06000038,155698,77967,50.08,77731,49.92,116387,74.75,10470,6.72,21161,13.59,57668,37.04,5201,3.34,3721,2.39,20561,13.21,55119,35.4,104471,67.1,17832,11.45
Redbridge,943,0.34,E09000026,278970,138073,49.49,140897,50.51,118646,42.53,24845,8.91,116503,41.76,84197,30.18,14908,5.34,5284,1.89,62191,22.29,56428,20.23,175200,62.8,33385,11.97
Redcar and Cleveland,460,0.34,E06000003,135177,65655,48.57,69522,51.43,133203,98.54,122,0.09,869,0.64,56757,41.99,2848,2.11,1742,1.29,9076,6.71,44803,33.14,81151,60.03,26252,19.42
Redditch,266,0.32,E07000236,84214,41848,49.69,42366,50.31,77497,92.02,862,1.02,4029,4.78,32326,38.39,2396,2.85,1673,1.99,6905,8.2,34156,40.56,53618,63.67,11884,14.11
Reigate and Banstead,494,0.36,E07000211,137835,67422,48.92,70413,51.08,124879,90.6,2166,1.57,6992,5.07,51764,37.56,3659,2.65,4791,3.48,16109,11.69,49949,36.24,84670,61.43,22733,16.49
Ribble Valley,193,0.34,E07000124,57132,27973,48.96,29159,51.04,55904,97.85,92,0.16,729,1.28,22703,39.74,1342,2.35,2282,3.99,2346,4.11,23929,41.88,33469,58.58,11531,20.18
Richmond upon Thames,377,0.2,E09000027,186990,91149,48.75,95841,51.25,160725,85.95,2816,1.51,13607,7.28,75113,40.17,4722,2.53,8870,4.74,41482,22.18,48125,25.74,121135,64.78,25296,13.53
Richmondshire,113,0.22,E07000166,51965,27407,52.74,24558,47.26,49556,95.36,496,0.95,1247,2.4,19075,36.71,1132,2.18,2661,5.12,2544,4.9,21867,42.08,32417,62.38,9076,17.47
Rochdale,879,0.42,E08000005,211699,103642,48.96,108057,51.04,172874,81.66,2770,1.31,31630,14.94,79969,37.77,7583,3.58,3052,1.44,18175,8.59,69009,32.6,130111,61.46,30816,14.56
Rochford,345,0.41,E07000075,83287,40787,48.97,42500,51.03,80937,97.18,433,0.52,881,1.06,31290,37.57,2274,2.73,2057,2.47,9800,11.77,28618,34.36,49371,59.28,16679,20.03
Rossendale,220,0.32,E07000125,67982,33367,49.08,34615,50.92,63778,93.82,123,0.18,3396,5,27196,40,1862,2.74,1613,2.37,4245,6.24,26766,39.37,42421,62.4,10541,15.51
Rother,414,0.46,E07000064,90588,43021,47.49,47567,52.51,87951,97.09,305,0.34,1103,1.22,38681,42.7,2196,2.42,3593,3.97,5216,5.76,28528,31.49,48359,53.38,25763,28.44
Rotherham,"1,118",0.43,E08000018,257280,126247,49.07,131033,50.93,240758,93.58,2112,0.82,10551,4.1,101618,39.5,6675,2.59,3767,1.46,20587,8,90056,35,156379,60.78,44842,17.43
Rugby,236,0.24,E07000220,100075,49884,49.85,50191,50.15,90565,90.5,1987,1.99,5225,5.22,39372,39.34,2503,2.5,2769,2.77,6005,6,41458,41.43,60637,60.59,17334,17.32
Runnymede,215,0.27,E07000212,80510,39148,48.63,41362,51.37,71633,88.97,862,1.07,5561,6.91,30589,37.99,2125,2.64,2476,3.08,6061,7.53,31838,39.55,51477,63.94,13468,16.73
Rushcliffe,302,0.27,E07000176,111129,54703,49.22,56426,50.78,103504,93.14,627,0.56,4614,4.15,43157,38.84,2678,2.41,4108,3.7,7934,7.14,43043,38.73,67412,60.66,20423,18.38
Rushmoor,259,0.28,E07000092,93807,46757,49.84,47050,50.16,79520,84.77,1868,1.99,9755,10.4,33350,35.55,2994,3.19,1985,2.12,8480,9.04,40229,42.88,60878,64.9,11444,12.2
Rutland,94,0.25,E06000017,37369,18915,50.62,18454,49.38,36301,97.14,251,0.67,365,0.98,14262,38.17,740,1.98,1651,4.42,1335,3.57,14939,39.98,21400,57.27,7849,21
Ryedale,130,0.25,E07000167,51751,25413,49.11,26338,50.89,51064,98.67,80,0.15,273,0.53,21370,41.29,1154,2.23,2994,5.79,2106,4.07,20182,39,29689,57.37,12052,23.29
Salford,806,0.34,E08000006,233933,116782,49.92,117151,50.08,210862,90.14,6541,2.8,9429,4.03,97432,41.65,6124,2.62,3818,1.63,24196,10.34,78263,33.46,150031,64.13,33206,14.19
Sandwell,"1,329",0.43,E08000028,308063,151592,49.21,156471,50.79,215471,69.94,18357,5.96,59258,19.24,109185,35.44,12313,4,2846,0.92,33406,10.84,91699,29.77,186846,60.65,46841,15.21
Scarborough,336,0.31,E07000168,108793,52570,48.32,56223,51.68,106104,97.53,240,0.22,1364,1.25,47054,43.25,2381,2.19,3489,3.21,6161,5.66,38214,35.13,63543,58.41,25320,23.27
Sedgemoor,287,0.25,E07000188,114588,56048,48.91,58540,51.09,112724,98.37,140,0.12,735,0.64,45886,40.04,2915,2.54,3786,3.3,4345,3.79,46093,40.22,67402,58.82,23465,20.48
Sefton,"1,103",0.4,E08000014,273790,131237,47.93,142553,52.07,266741,97.43,796,0.29,2719,0.99,111015,40.55,6915,2.53,4931,1.8,27114,9.9,88966,32.49,162445,59.33,57011,20.82
Selby,171,0.2,E07000169,83449,40947,49.07,42502,50.93,82077,98.36,212,0.25,493,0.59,32635,39.11,1924,2.31,2787,3.34,4892,5.86,35402,42.42,51962,62.27,14006,16.78
Sevenoaks,320,0.28,E07000111,114893,55743,48.52,59150,51.48,110029,95.77,853,0.74,2085,1.81,43893,38.2,3127,2.72,4470,3.89,14533,12.65,36630,31.88,67634,58.87,21667,18.86
Sheffield,"1,718",0.31,E08000019,552698,272661,49.33,280037,50.67,462544,83.69,20082,3.63,44385,8.03,212762,38.5,17166,3.11,9030,1.63,62106,11.24,171760,31.08,353689,63.99,85698,15.51
Shropshire,892,0.29,E06000051,306129,151606,49.52,154523,50.48,299874,97.96,580,0.19,3089,1.01,122308,39.95,7366,2.41,12532,4.09,13378,4.37,123828,40.45,181567,59.31,63299,20.68
Slough,380,0.27,E06000039,140205,70120,50.01,70085,49.99,64053,45.69,12115,8.64,55697,39.73,43192,30.81,7574,5.4,2060,1.47,15093,10.76,49719,35.46,90157,64.3,12824,9.15
Solihull,735,0.36,E08000029,206674,100352,48.56,106322,51.44,184244,89.15,3239,1.57,13561,6.56,80390,38.9,5666,2.74,5208,2.52,18382,8.89,73909,35.76,122061,59.06,39596,19.16
South Cambridgeshire,256,0.17,E07000012,148755,73790,49.61,74965,50.39,138787,93.3,1268,0.85,5540,3.72,56010,37.65,3950,2.66,6172,4.15,9723,6.54,62843,42.25,90851,61.07,24702,16.61
South Derbyshire,333,0.35,E07000039,94611,46963,49.64,47648,50.36,90527,95.68,425,0.45,2375,2.51,36730,38.82,2262,2.39,2605,2.75,4434,4.69,40611,42.92,58756,62.1,14627,15.46
South Gloucestershire,519,0.2,E06000025,262767,130424,49.63,132343,50.37,249574,94.98,2218,0.84,6440,2.45,101015,38.44,6523,2.48,6479,2.47,15778,6,113670,43.26,161470,61.45,44409,16.9
South Hams,131,0.16,E07000044,83140,40116,48.25,43024,51.75,81784,98.37,121,0.15,458,0.55,35030,42.13,1828,2.2,4701,5.65,3397,4.09,31372,37.73,48135,57.9,19754,23.76
South Holland,304,0.34,E07000140,88270,43119,48.85,45151,51.15,86370,97.85,257,0.29,747,0.85,35162,39.83,2102,2.38,2510,2.84,3917,4.44,34839,39.47,51611,58.47,19663,22.28
South Kesteven,373,0.28,E07000141,133788,64656,48.33,69132,51.67,130394,97.46,509,0.38,1580,1.18,54493,40.73,2851,2.13,4313,3.22,6758,5.05,55112,41.19,80016,59.81,25560,19.1
South Lakeland,333,0.32,E07000031,103658,50522,48.74,53136,51.26,101962,98.36,183,0.18,787,0.76,44592,43.02,1960,1.89,4955,4.78,4566,4.4,41709,40.24,60062,57.94,25121,24.23
South Norfolk,306,0.25,E07000149,124012,60515,48.8,63497,51.2,120981,97.56,378,0.3,1270,1.02,50109,40.41,2700,2.18,4436,3.58,6497,5.24,48969,39.49,71992,58.05,26523,21.39
South Oxfordshire,257,0.19,E07000179,134257,66005,49.16,68252,50.84,128993,96.08,768,0.57,2405,1.79,50676,37.75,3428,2.55,6229,4.64,8686,6.47,54772,40.8,80590,60.03,24380,18.16
South Ribble,333,0.31,E07000126,109057,53344,48.91,55713,51.09,105847,97.06,268,0.25,1612,1.48,43639,40.01,2463,2.26,2228,2.04,7008,6.43,46298,42.45,67023,61.46,19412,17.8
South Somerset,319,0.2,E07000189,161243,79106,49.06,82137,50.94,158130,98.07,357,0.22,1409,0.87,65706,40.75,3795,2.35,5697,3.53,6149,3.81,66452,41.21,93795,58.17,34825,21.6
South Staffordshire,351,0.32,E07000196,108131,53243,49.24,54888,50.76,103700,95.9,578,0.53,2122,1.96,42014,38.85,2444,2.26,2901,2.68,5952,5.5,44205,40.88,65170,60.27,22505,20.81
South Tyneside,613,0.41,E08000023,148127,71560,48.31,76567,51.69,142099,95.93,420,0.28,3311,2.24,64180,43.33,2987,2.02,1567,1.06,17362,11.72,44415,29.98,91612,61.85,26853,18.13
Southampton,487,0.21,E06000045,236882,119453,50.43,117429,49.57,203528,85.92,5067,2.14,19892,8.4,90613,38.25,7641,3.23,3737,1.58,21872,9.23,86152,36.37,159957,67.53,30776,12.99
Southend-on-Sea,773,0.45,E06000033,173658,85037,48.97,88621,51.03,159023,91.57,3647,2.1,6440,3.71,69921,40.26,4757,2.74,3742,2.15,21740,12.52,55369,31.88,105501,60.75,30798,17.73
Southwark,495,0.17,E09000028,288283,142618,49.47,145665,50.53,156349,54.23,77511,26.89,27192,9.43,110989,38.5,9433,3.27,6397,2.22,90267,31.31,49283,17.1,206916,71.78,22329,7.75
Spelthorne,278,0.29,E07000213,95598,47053,49.22,48545,50.78,83455,87.3,1545,1.62,7295,7.63,36898,38.6,2614,2.73,2393,2.5,9232,9.66,38268,40.03,59149,61.87,16680,17.45
St Albans,407,0.29,E07000240,140664,69040,49.08,71624,50.92,124380,88.42,2388,1.7,9011,6.41,51934,36.92,4206,2.99,5599,3.98,18232,12.96,47183,33.54,85173,60.55,21776,15.48
St. Helens,689,0.39,E08000013,175308,86138,49.14,89170,50.86,171877,98.04,248,0.14,1764,1.01,71845,40.98,3891,2.22,2259,1.29,13504,7.7,62450,35.62,107506,61.32,31400,17.91
Stafford,455,0.35,E07000197,130869,65554,50.09,65315,49.91,124308,94.99,1107,0.85,3288,2.51,52848,40.38,2855,2.18,4052,3.1,6702,5.12,53446,40.84,80149,61.24,25274,19.31
Staffordshire Moorlands,369,0.38,E07000198,97106,47790,49.21,49316,50.79,95825,98.68,120,0.12,502,0.52,39743,40.93,2029,2.09,3213,3.31,4262,4.39,39879,41.07,58327,60.07,20381,20.99
Stevenage,199,0.24,E07000243,83957,41483,49.41,42474,50.59,73598,87.66,2836,3.38,4848,5.77,32497,38.71,2401,2.86,1426,1.7,8449,10.06,32662,38.9,52695,62.76,11872,14.14
Stockport,944,0.33,E08000007,283275,138400,48.86,144875,51.14,260819,92.07,1958,0.69,13762,4.86,114747,40.51,7232,2.55,7234,2.55,24786,8.75,104410,36.86,171626,60.59,51027,18.01
Stockton-on-Tees,636,0.33,E06000004,191610,94082,49.1,97528,50.9,181299,94.62,1133,0.59,6632,3.46,74211,38.73,4948,2.58,2847,1.49,13185,6.88,70072,36.57,119384,62.31,29951,15.63
Stoke-on-Trent,965,0.39,E06000021,249008,123995,49.8,125013,50.2,220712,88.64,3741,1.5,18442,7.41,100795,40.48,6780,2.72,2691,1.08,20169,8.1,84688,34.01,155591,62.48,38818,15.59
Stratford-on-Avon,329,0.27,E07000221,120485,58497,48.55,61988,51.45,117307,97.36,264,0.22,1466,1.22,49332,40.94,2596,2.15,6059,5.03,5183,4.3,49207,40.84,70526,58.54,26580,22.06
Stroud,292,0.26,E07000082,112779,55514,49.22,57265,50.78,110426,97.91,260,0.23,751,0.67,44922,39.83,2872,2.55,4908,4.35,5152,4.57,46984,41.66,67219,59.6,21977,19.49
Sunderland,"1,098",0.4,E08000024,275506,133953,48.62,141553,51.38,264282,95.93,1273,0.46,7336,2.66,113682,41.26,6076,2.21,3071,1.11,29445,10.69,87994,31.94,173768,63.07,46793,16.98
Surrey Heath,270,0.31,E07000214,86144,42868,49.76,43276,50.24,77692,90.19,861,1,5389,6.26,31124,36.13,2422,2.81,3453,4.01,5428,6.3,35705,41.45,52609,61.07,14405,16.72
Sutton,576,0.3,E09000029,190146,92443,48.62,97703,51.38,149449,78.6,9120,4.8,22035,11.59,72389,38.07,5785,3.04,4309,2.27,35650,18.75,57162,30.06,119828,63.02,27233,14.32
Swale,533,0.39,E07000113,135835,67152,49.44,68683,50.56,131155,96.55,1395,1.03,1489,1.1,51740,38.09,3845,2.83,3165,2.33,9385,6.91,49902,36.74,82252,60.55,22623,16.65
Swindon,439,0.21,E06000030,209156,104618,50.02,104538,49.98,187898,89.84,2861,1.37,13365,6.39,82865,39.62,5495,2.63,4353,2.08,18148,8.68,86446,41.33,133779,63.96,28854,13.8
Tameside,904,0.41,E08000008,219324,107650,49.08,111674,50.92,199429,90.93,1784,0.81,14553,6.64,89213,40.68,5740,2.62,3402,1.55,21723,9.9,76268,34.77,136628,62.3,34201,15.59
Tamworth,279,0.36,E07000199,76813,37694,49.07,39119,50.93,74761,97.33,393,0.51,763,0.99,29612,38.55,2005,2.61,1249,1.63,5243,6.83,31617,41.16,48301,62.88,11144,14.51
Tandridge,276,0.33,E07000215,82998,40158,48.38,42840,51.62,77880,93.83,882,1.06,2164,2.61,31108,37.48,2234,2.69,3581,4.31,10230,12.33,27723,33.4,49314,59.42,15355,18.5
Teignbridge,254,0.2,E07000045,124220,60179,48.45,64041,51.55,122163,98.34,117,0.09,893,0.72,51243,41.25,2760,2.22,4888,3.93,6203,4.99,47509,38.25,71694,57.72,29016,23.36
Telford and Wrekin,421,0.25,E06000020,166641,82549,49.54,84092,50.46,154415,92.66,1779,1.07,6991,4.2,61435,36.87,5173,3.1,3139,1.88,11465,6.88,63357,38.02,103676,62.22,24089,14.46
Tendring,760,0.55,E07000076,138048,66071,47.86,71977,52.14,134667,97.55,434,0.31,1275,0.92,58772,42.57,3333,2.41,3046,2.21,7511,5.44,43904,31.8,74842,54.21,37273,27
Test Valley,262,0.23,E07000093,116398,56880,48.87,59518,51.13,111645,95.92,487,0.42,2368,2.03,44736,38.43,2890,2.48,4050,3.48,6770,5.82,48357,41.54,69966,60.11,21397,18.38
Tewkesbury,202,0.25,E07000083,81943,40080,48.91,41863,51.09,79901,97.51,255,0.31,901,1.1,33223,40.54,1903,2.32,2903,3.54,4146,5.06,34302,41.86,48913,59.69,16509,20.15
Thanet,588,0.44,E07000114,134186,64555,48.11,69631,51.89,128194,95.53,910,0.68,2504,1.87,56009,41.74,3504,2.61,2940,2.19,9929,7.4,41969,31.28,76670,57.14,28413,21.17
Three Rivers,281,0.32,E07000102,87317,42371,48.53,44946,51.47,75294,86.23,1610,1.84,7993,9.15,32535,37.26,2573,2.95,3072,3.52,10054,11.51,30655,35.11,52780,60.45,14706,16.84
Thurrock,594,0.38,E06000034,157705,77823,49.35,79882,50.65,135429,85.87,12323,7.81,5927,3.76,57264,36.31,5089,3.23,2258,1.43,20994,13.31,53763,34.09,99269,62.95,20021,12.7
Tonbridge and Malling,281,0.23,E07000115,120805,59207,49.01,61598,50.99,115872,95.92,421,0.35,2431,2.01,44777,37.07,3363,2.78,3768,3.12,11520,9.54,44415,36.77,71750,59.39,20427,16.91
Torbay,333,0.25,E06000027,130959,63110,48.19,67849,51.81,127699,97.51,251,0.19,1353,1.03,55983,42.75,3027,2.31,3494,2.67,6925,5.29,46040,35.16,75316,57.51,30854,23.56
Torridge,136,0.21,E07000046,63839,31167,48.82,32672,51.18,63021,98.72,51,0.08,271,0.42,26423,41.39,1563,2.45,3493,5.47,2572,4.03,23099,36.18,36784,57.62,14978,23.46
Tower Hamlets,489,0.19,E09000030,254096,130906,51.52,123190,48.48,114819,45.19,18629,7.33,104501,41.13,88834,34.96,12423,4.89,4447,1.75,71237,28.04,44137,17.37,183430,72.19,15570,6.13
Trafford,705,0.31,E08000009,226578,110959,48.97,115619,51.03,193834,85.55,6540,2.89,17973,7.93,87884,38.79,6600,2.91,6120,2.7,20615,9.1,83538,36.87,138574,61.16,36273,16.01
Tunbridge Wells,263,0.23,E07000116,115049,56494,49.1,58555,50.9,109239,94.95,638,0.55,2903,2.52,43699,37.98,3475,3.02,4851,4.22,12343,10.73,39720,34.52,69105,60.07,19075,16.58
Uttlesford,188,0.24,E07000077,79443,39203,49.35,40240,50.65,76761,96.62,417,0.52,1122,1.41,28973,36.47,2343,2.95,3667,4.62,5993,7.54,30875,38.86,47536,59.84,13575,17.09
Vale of White Horse,201,0.17,E07000180,120988,60058,49.64,60930,50.36,114824,94.91,1230,1.02,2962,2.45,46433,38.38,2974,2.46,4472,3.7,8026,6.63,50329,41.6,72918,60.27,21761,17.99
Wakefield,"1,110",0.34,E08000036,325837,159913,49.08,165924,50.92,310957,95.43,2512,0.77,8498,2.61,133145,40.86,7269,2.23,4939,1.52,27889,8.56,118350,36.32,202281,62.08,55142,16.92
Walsall,"1,117",0.41,E08000030,269323,132319,49.13,137004,50.87,212469,78.89,6369,2.36,41022,15.23,97846,36.33,9976,3.7,3393,1.26,21509,7.99,86875,32.26,160071,59.43,45815,17.01
Waltham Forest,642,0.25,E09000031,258249,128970,49.94,129279,50.06,134799,52.2,44791,17.34,54389,21.06,84389,32.68,12472,4.83,4085,1.58,69076,26.75,47120,18.25,171331,66.34,25566,9.9
Wandsworth,598,0.19,E09000032,306995,148646,48.42,158349,51.58,219216,71.41,32756,10.67,33338,10.86,121545,39.59,8948,2.91,9634,3.14,111454,36.3,56396,18.37,224457,73.11,26911,8.77
Warrington,663,0.33,E06000007,202228,100300,49.6,101928,50.4,193992,95.93,694,0.34,4911,2.43,80634,39.87,4506,2.23,4648,2.3,13537,6.69,82153,40.62,126004,62.31,32214,15.93
Warwick,316,0.23,E07000222,137648,68650,49.87,68998,50.13,122715,89.15,973,0.71,9945,7.22,55119,40.04,3560,2.59,4714,3.42,8483,6.16,56060,40.73,88002,63.93,23050,16.75
Watford,297,0.33,E07000103,90301,44828,49.64,45473,50.36,64946,71.92,5229,5.79,16170,17.91,33485,37.08,3196,3.54,2075,2.3,11612,12.86,33671,37.29,58397,64.67,11151,12.35
Waverley,339,0.28,E07000216,121572,59326,48.8,62246,51.2,116717,96.01,538,0.44,2283,1.88,46081,37.9,3199,2.63,6031,4.96,10158,8.36,42592,35.03,70133,57.69,23822,19.59
Wealden,472,0.32,E07000065,148915,71807,48.22,77108,51.78,145173,97.49,343,0.23,1719,1.15,58938,39.58,3738,2.51,6942,4.66,9816,6.59,53877,36.18,84464,56.72,34142,22.93
Welwyn Hatfield,316,0.29,E07000241,110535,54364,49.18,56171,50.82,92936,84.08,4989,4.51,8704,7.87,40098,36.28,3515,3.18,2898,2.62,11115,10.06,38722,35.03,70727,63.99,16939,15.32
West Berkshire,278,0.18,E06000037,153822,76321,49.62,77501,50.38,145854,94.82,1376,0.89,3808,2.48,58422,37.98,3918,2.55,6223,4.05,11264,7.32,63747,41.44,94802,61.63,23626,15.36
West Devon,76,0.14,E07000047,53553,26123,48.78,27430,51.22,52730,98.46,59,0.11,300,0.56,21427,40.01,1298,2.42,3218,6.01,2003,3.74,19780,36.94,30964,57.82,12390,23.14
West Lancashire,388,0.35,E07000127,110685,53840,48.64,56845,51.36,108603,98.12,174,0.16,913,0.82,42463,38.36,2918,2.64,2780,2.51,7071,6.39,41498,37.49,67025,60.55,20875,18.86
West Lindsey,289,0.32,E07000142,89250,43491,48.73,45759,51.27,87600,98.15,224,0.25,728,0.82,36442,40.83,1943,2.18,3034,3.4,3351,3.75,35278,39.53,52709,59.06,18629,20.87
West Northamptonshire,989,0.26,E06000062,375101,185165,49.36,189936,50.64,336933,89.82,11598,3.09,16063,4.28,144854,38.62,10241,2.73,11146,2.97,25167,6.71,154832,41.28,235456,62.77,55791,14.87
West Oxfordshire,199,0.19,E07000181,104779,51447,49.1,53332,50.9,101469,96.84,437,0.42,1424,1.36,40751,38.89,2490,2.38,4516,4.31,6273,5.99,45453,43.38,63520,60.62,19262,18.38
West Suffolk,343,0.2,E07000245,170756,85747,50.22,85009,49.78,161522,94.59,2198,1.29,3087,1.81,67116,39.31,4062,2.38,4633,2.71,8496,4.98,74443,43.6,104643,61.28,30684,17.97
Westminster,413,0.19,E09000033,219396,111548,50.84,107848,49.16,135330,61.68,16472,7.51,31862,14.52,100041,45.6,5731,2.61,9620,4.38,61019,27.81,39002,17.78,158924,72.44,24514,11.17
Wigan,"1,327",0.42,E08000010,317849,157996,49.71,159853,50.29,309193,97.28,1678,0.53,3519,1.11,129365,40.7,7021,2.21,4663,1.47,22869,7.19,121672,38.28,198112,62.33,51649,16.25
Wiltshire,991,0.21,E06000054,470981,231754,49.21,239227,50.79,454971,96.6,3228,0.69,6178,1.31,182777,38.81,11417,2.42,17608,3.74,25350,5.38,194769,41.35,282093,59.89,85488,18.15
Winchester,234,0.2,E07000094,116595,56629,48.57,59966,51.43,111577,95.7,457,0.39,2639,2.26,43800,37.57,3065,2.63,5226,4.48,7308,6.27,44329,38.02,70078,60.1,21779,18.68
Windsor and Maidenhead,387,0.27,E06000040,144560,71328,49.34,73232,50.66,124505,86.13,1725,1.19,13848,9.58,54204,37.5,4145,2.87,6469,4.47,10999,7.61,55904,38.67,87913,60.81,24077,16.66
Wirral,"1,110",0.35,E08000015,319783,153847,48.11,165936,51.89,310156,96.99,695,0.22,5116,1.6,132604,41.47,7979,2.5,5605,1.75,29398,9.19,103649,32.41,191096,59.76,60966,19.06
Woking,247,0.25,E07000217,99198,49144,49.54,50054,50.46,82926,83.6,1383,1.39,11462,11.55,36359,36.65,3108,3.13,3400,3.43,11677,11.77,35998,36.29,62079,62.58,14843,14.96
Wokingham,323,0.21,E06000041,154380,76464,49.53,77916,50.47,136525,88.43,2093,1.36,11438,7.41,56077,36.32,4255,2.76,6515,4.22,11695,7.58,62752,40.65,95131,61.62,23789,15.41
Wolverhampton,969,0.39,E08000031,249470,123441,49.48,126029,50.52,169682,68.02,17309,6.94,44960,18.02,93207,37.36,8970,3.6,2843,1.14,24113,9.67,76800,30.79,152713,61.21,40629,16.29
Worcester,230,0.23,E07000237,98768,48563,49.17,50205,50.83,92294,93.45,473,0.48,4366,4.42,39481,39.97,2561,2.59,2130,2.16,6319,6.4,41382,41.9,63350,64.14,14609,14.79
Worthing,271,0.26,E07000229,104640,50384,48.15,54256,51.85,98136,93.78,869,0.83,3372,3.22,44686,42.7,2358,2.25,2821,2.7,7702,7.36,39822,38.06,62127,59.37,21574,20.62
Wychavon,359,0.31,E07000238,116944,57445,49.12,59499,50.88,114457,97.87,228,0.19,1129,0.97,46890,40.1,2576,2.2,4703,4.02,5017,4.29,48207,41.22,69168,59.15,25015,21.39
Wyre,506,0.47,E07000128,107749,52225,48.47,55524,51.53,105852,98.24,130,0.12,993,0.92,44932,41.7,2349,2.18,2536,2.35,5910,5.48,39659,36.81,61073,56.68,26625,24.71
Wyre Forest,330,0.34,E07000239,97975,48299,49.3,49676,50.7,95273,97.24,214,0.22,1390,1.42,40861,41.71,2124,2.17,2623,2.68,5147,5.25,38327,39.12,58462,59.67,20463,20.89
York,483,0.24,E06000014,198051,96254,48.6,101797,51.4,186731,94.28,1194,0.6,6740,3.4,78843,39.81,4709,2.38,5025,2.54,14773,7.46,78396,39.58,128681,64.97,33415,16.87
